[
    {
        "name": "Plane1",
        "position": {
            "x": 0.10769033432006836,
            "y": -1.07542884349823,
            "z": -0.009702680632472038
        },
        "rotation": {
            "x": -0.30898481607437134,
            "y": -0.0,
            "z": 0.0
        },
        "scale": {
            "x": 0.025000005960464478,
            "y": 0.04271814227104187,
            "z": 0.1380435973405838
        },
        "mesh_type": "MESH"
    },
    {
        "name": "Plane3",
        "position": {
            "x": 0.10769033432006836,
            "y": -1.2256407737731934,
            "z": -0.009702680632472038
        },
        "rotation": {
            "x": 0.3089843690395355,
            "y": -0.0,
            "z": 0.0
        },
        "scale": {
            "x": 0.025000005960464478,
            "y": 0.04271814227104187,
            "z": 0.1380435973405838
        },
        "mesh_type": "MESH"
    },
    {
        "name": "Plane2",
        "position": {
            "x": 0.10769033432006836,
            "y": -1.1508924961090088,
            "z": 0.004665404558181763
        },
        "rotation": {
            "x": 0.0,
            "y": -0.0,
            "z": 0.0
        },
        "scale": {
            "x": 0.025000005960464478,
            "y": 0.03237075358629227,
            "z": 0.1380435973405838
        },
        "mesh_type": "MESH"
    },
    {
        "name": "Plane18",
        "position": {
            "x": -0.11481572687625885,
            "y": -0.5181914567947388,
            "z": -0.021787000820040703
        },
        "rotation": {
            "x": 0.0,
            "y": -0.0,
            "z": 0.0
        },
        "scale": {
            "x": 0.025000005960464478,
            "y": 0.20385125279426575,
            "z": 0.1380435973405838
        },
        "mesh_type": "MESH"
    },
    {
        "name": "Plane28",
        "position": {
            "x": -0.17655381560325623,
            "y": -0.2605052590370178,
            "z": -0.021787000820040703
        },
        "rotation": {
            "x": 0.0,
            "y": -0.0,
            "z": 2.544987440109253
        },
        "scale": {
            "x": 0.02500000037252903,
            "y": 0.07000000029802322,
            "z": 0.1380435973405838
        },
        "mesh_type": "MESH"
    },
    {
        "name": "Plane16",
        "position": {
            "x": 0.020745443180203438,
            "y": -0.781110405921936,
            "z": -0.008268104866147041
        },
        "rotation": {
            "x": -0.2720600664615631,
            "y": 1.1745962424924983e-08,
            "z": 1.5707963705062866
        },
        "scale": {
            "x": 0.02500000037252903,
            "y": 0.057424940168857574,
            "z": 0.13627558946609497
        },
        "mesh_type": "MESH"
    },
    {
        "name": "Plane15",
        "position": {
            "x": 0.10824014246463776,
            "y": -0.781110405921936,
            "z": 0.004908401519060135
        },
        "rotation": {
            "x": 0.0,
            "y": 0.0,
            "z": 1.5707963705062866
        },
        "scale": {
            "x": 0.02500000037252903,
            "y": 0.027870627120137215,
            "z": 0.13627558946609497
        },
        "mesh_type": "MESH"
    },
    {
        "name": "Plane14",
        "position": {
            "x": 0.17833104729652405,
            "y": -0.8344668745994568,
            "z": 0.004908401519060135
        },
        "rotation": {
            "x": 0.0,
            "y": -0.0,
            "z": 0.5838754773139954
        },
        "scale": {
            "x": 0.026423383504152298,
            "y": 0.08278632164001465,
            "z": 0.13627558946609497
        },
        "mesh_type": "MESH"
    },
    {
        "name": "Plane13",
        "position": {
            "x": 0.2172347605228424,
            "y": -0.9673523306846619,
            "z": -0.010358740575611591
        },
        "rotation": {
            "x": 0.2665814459323883,
            "y": -0.0,
            "z": 0.0
        },
        "scale": {
            "x": 0.02500000037252903,
            "y": 0.0522068589925766,
            "z": 0.13988876342773438
        },
        "mesh_type": "MESH"
    },
    {
        "name": "Plane12",
        "position": {
            "x": 0.2172347605228424,
            "y": -1.0474492311477661,
            "z": -0.023356404155492783
        },
        "rotation": {
            "x": 0.0,
            "y": -0.0,
            "z": 0.0
        },
        "scale": {
            "x": 0.02500000037252903,
            "y": 0.032638244330883026,
            "z": 0.13667446374893188
        },
        "mesh_type": "MESH"
    },
    {
        "name": "Plane11",
        "position": {
            "x": 0.1961703896522522,
            "y": -1.088517665863037,
            "z": -0.0233559999614954
        },
        "rotation": {
            "x": 0.0,
            "y": -0.0,
            "z": -0.6805095076560974
        },
        "scale": {
            "x": 0.02500000037252903,
            "y": 0.032638244330883026,
            "z": 0.13667446374893188
        },
        "mesh_type": "MESH"
    },
    {
        "name": "Plane10",
        "position": {
            "x": 0.15201272070407867,
            "y": -1.1208845376968384,
            "z": -0.0233559999614954
        },
        "rotation": {
            "x": 0.0,
            "y": -0.0,
            "z": -1.088483452796936
        },
        "scale": {
            "x": 0.02500000037252903,
            "y": 0.032638244330883026,
            "z": 0.13667446374893188
        },
        "mesh_type": "MESH"
    },
    {
        "name": "Plane9",
        "position": {
            "x": 0.08256885409355164,
            "y": -1.155918002128601,
            "z": -0.0233559999614954
        },
        "rotation": {
            "x": 0.0,
            "y": -0.0,
            "z": -1.5711578130722046
        },
        "scale": {
            "x": 0.02500000037252903,
            "y": 0.032638244330883026,
            "z": 0.13667446374893188
        },
        "mesh_type": "MESH"
    },
    {
        "name": "Plane8",
        "position": {
            "x": 0.020158754661679268,
            "y": -1.191428303718567,
            "z": -0.0233559999614954
        },
        "rotation": {
            "x": 0.0,
            "y": -0.0,
            "z": -0.4350147545337677
        },
        "scale": {
            "x": 0.02500000037252903,
            "y": 0.032638244330883026,
            "z": 0.13667446374893188
        },
        "mesh_type": "MESH"
    },
    {
        "name": "Plane7",
        "position": {
            "x": 0.0033362749963998795,
            "y": -1.2544392347335815,
            "z": -0.02335599809885025
        },
        "rotation": {
            "x": 0.0,
            "y": -0.0,
            "z": 0.06229856237769127
        },
        "scale": {
            "x": 0.02500000037252903,
            "y": 0.032638244330883026,
            "z": 0.13667446374893188
        },
        "mesh_type": "MESH"
    },
    {
        "name": "Plane6",
        "position": {
            "x": 0.027315231040120125,
            "y": -1.3022475242614746,
            "z": -0.02335599809885025
        },
        "rotation": {
            "x": 0.0,
            "y": -0.0,
            "z": 1.1117370128631592
        },
        "scale": {
            "x": 0.02500000037252903,
            "y": 0.032638244330883026,
            "z": 0.13667446374893188
        },
        "mesh_type": "MESH"
    },
    {
        "name": "Plane5",
        "position": {
            "x": 0.0919523686170578,
            "y": -1.320257544517517,
            "z": -0.02335599809885025
        },
        "rotation": {
            "x": 0.0,
            "y": -0.0,
            "z": 1.5671271085739136
        },
        "scale": {
            "x": 0.02500009909272194,
            "y": 0.04127128794789314,
            "z": 0.13667446374893188
        },
        "mesh_type": "MESH"
    },
    {
        "name": "Plane4",
        "position": {
            "x": 0.11092356592416763,
            "y": -1.2800836563110352,
            "z": -0.02335599809885025
        },
        "rotation": {
            "x": 0.0,
            "y": -0.0,
            "z": -0.03853273391723633
        },
        "scale": {
            "x": 0.024983666837215424,
            "y": 0.016956528648734093,
            "z": 0.13667446374893188
        },
        "mesh_type": "MESH"
    },
    {
        "name": "Plane36",
        "position": {
            "x": 0.10859568417072296,
            "y": -0.8326418399810791,
            "z": -0.0217870082706213
        },
        "rotation": {
            "x": 0.0,
            "y": -0.0,
            "z": 0.0
        },
        "scale": {
            "x": 0.025000005960464478,
            "y": 0.20385125279426575,
            "z": 0.1380435973405838
        },
        "mesh_type": "MESH"
    },
    {
        "name": "Plane34",
        "position": {
            "x": 0.08580750972032547,
            "y": -0.5530261993408203,
            "z": -0.021787000820040703
        },
        "rotation": {
            "x": 0.0,
            "y": -0.0,
            "z": 5.472356796264648
        },
        "scale": {
            "x": 0.024042975157499313,
            "y": 0.06363039463758469,
            "z": 0.1380435973405838
        },
        "mesh_type": "MESH"
    },
    {
        "name": "Plane33",
        "position": {
            "x": -0.021324846893548965,
            "y": -0.586309552192688,
            "z": -0.008268104866147041
        },
        "rotation": {
            "x": -0.2720600664615631,
            "y": 1.1745962424924983e-08,
            "z": 4.71238899230957
        },
        "scale": {
            "x": 0.02500000037252903,
            "y": 0.057424940168857574,
            "z": 0.13627558946609497
        },
        "mesh_type": "MESH"
    },
    {
        "name": "Plane32",
        "position": {
            "x": -0.10881955176591873,
            "y": -0.586309552192688,
            "z": 0.004908401519060135
        },
        "rotation": {
            "x": 0.0,
            "y": -0.0,
            "z": 4.71238899230957
        },
        "scale": {
            "x": 0.02500000037252903,
            "y": 0.027870627120137215,
            "z": 0.13627558946609497
        },
        "mesh_type": "MESH"
    },
    {
        "name": "Plane31",
        "position": {
            "x": -0.18432559072971344,
            "y": -0.5287717580795288,
            "z": 0.004908401519060135
        },
        "rotation": {
            "x": 0.0,
            "y": -0.0,
            "z": 3.725468397140503
        },
        "scale": {
            "x": 0.02479848824441433,
            "y": 0.0705839991569519,
            "z": 0.13627558946609497
        },
        "mesh_type": "MESH"
    },
    {
        "name": "Plane30",
        "position": {
            "x": -0.21781419217586517,
            "y": -0.4234732389450073,
            "z": -0.0010978970676660538
        },
        "rotation": {
            "x": 0.2665814459323883,
            "y": -0.0,
            "z": 3.1415929794311523
        },
        "scale": {
            "x": 0.02500000037252903,
            "y": 0.0522068589925766,
            "z": 0.13988876342773438
        },
        "mesh_type": "MESH"
    },
    {
        "name": "Plane21",
        "position": {
            "x": -0.11175352334976196,
            "y": -0.13421733677387238,
            "z": -0.009702680632472038
        },
        "rotation": {
            "x": -0.30898481607437134,
            "y": -0.0,
            "z": 0.0
        },
        "scale": {
            "x": 0.025000005960464478,
            "y": 0.04271814227104187,
            "z": 0.1380435973405838
        },
        "mesh_type": "MESH"
    },
    {
        "name": "Plane19",
        "position": {
            "x": -0.11175352334976196,
            "y": -0.28442925214767456,
            "z": -0.009702680632472038
        },
        "rotation": {
            "x": 0.3089843690395355,
            "y": -0.0,
            "z": 0.0
        },
        "scale": {
            "x": 0.025000005960464478,
            "y": 0.04271814227104187,
            "z": 0.1380435973405838
        },
        "mesh_type": "MESH"
    },
    {
        "name": "Plane20",
        "position": {
            "x": -0.11175352334976196,
            "y": -0.20968098938465118,
            "z": 0.004665404558181763
        },
        "rotation": {
            "x": 0.0,
            "y": -0.0,
            "z": 0.0
        },
        "scale": {
            "x": 0.025000005960464478,
            "y": 0.03237075358629227,
            "z": 0.1380435973405838
        },
        "mesh_type": "MESH"
    },
    {
        "name": "Plane27",
        "position": {
            "x": -0.08038131892681122,
            "y": -0.2063823640346527,
            "z": -0.021787000820040703
        },
        "rotation": {
            "x": 0.0,
            "y": -0.0,
            "z": 1.5704349279403687
        },
        "scale": {
            "x": 0.02500000037252903,
            "y": 0.032638244330883026,
            "z": 0.13667446374893188
        },
        "mesh_type": "MESH"
    },
    {
        "name": "Plane26",
        "position": {
            "x": -0.0179712176322937,
            "y": -0.1708720624446869,
            "z": -0.021787000820040703
        },
        "rotation": {
            "x": 0.0,
            "y": -0.0,
            "z": 2.706578016281128
        },
        "scale": {
            "x": 0.02500000037252903,
            "y": 0.032638244330883026,
            "z": 0.13667446374893188
        },
        "mesh_type": "MESH"
    },
    {
        "name": "Plane25",
        "position": {
            "x": -0.0011487454175949097,
            "y": -0.10786112397909164,
            "z": -0.021787000820040703
        },
        "rotation": {
            "x": 0.0,
            "y": -0.0,
            "z": 3.2038915157318115
        },
        "scale": {
            "x": 0.02500000037252903,
            "y": 0.032638244330883026,
            "z": 0.13667446374893188
        },
        "mesh_type": "MESH"
    },
    {
        "name": "Plane24",
        "position": {
            "x": -0.025127708911895752,
            "y": -0.06005283445119858,
            "z": -0.021787000820040703
        },
        "rotation": {
            "x": 0.0,
            "y": -0.0,
            "z": 4.253330230712891
        },
        "scale": {
            "x": 0.02500000037252903,
            "y": 0.032638244330883026,
            "z": 0.13667446374893188
        },
        "mesh_type": "MESH"
    },
    {
        "name": "Plane23",
        "position": {
            "x": -0.08976484835147858,
            "y": -0.0420428141951561,
            "z": -0.021787000820040703
        },
        "rotation": {
            "x": 0.0,
            "y": -0.0,
            "z": 4.7087202072143555
        },
        "scale": {
            "x": 0.02500009909272194,
            "y": 0.04127128794789314,
            "z": 0.13667446374893188
        },
        "mesh_type": "MESH"
    },
    {
        "name": "Plane22",
        "position": {
            "x": -0.11030061542987823,
            "y": -0.0803745910525322,
            "z": -0.021787000820040703
        },
        "rotation": {
            "x": 0.0,
            "y": -0.0,
            "z": 6.279516696929932
        },
        "scale": {
            "x": 0.024999890476465225,
            "y": -0.015215771272778511,
            "z": 0.13667446374893188
        },
        "mesh_type": "MESH"
    },
    {
        "name": "Plane29",
        "position": {
            "x": -0.21626248955726624,
            "y": -0.34286993741989136,
            "z": -0.021787004545331
        },
        "rotation": {
            "x": 0.0,
            "y": -0.0,
            "z": 0.0
        },
        "scale": {
            "x": 0.025000005960464478,
            "y": 0.02329001948237419,
            "z": 0.1380435973405838
        },
        "mesh_type": "MESH"
    },
    {
        "name": "Plane17",
        "position": {
            "x": -0.06207135692238808,
            "y": -0.7687159180641174,
            "z": -0.021787000820040703
        },
        "rotation": {
            "x": 0.0,
            "y": -0.0,
            "z": 0.8306128978729248
        },
        "scale": {
            "x": 0.02500000037252903,
            "y": 0.07000000029802322,
            "z": 0.1380435973405838
        },
        "mesh_type": "MESH"
    },
    {
        "name": "Plane35",
        "position": {
            "x": 0.10859568417072296,
            "y": -0.587532103061676,
            "z": -0.0217870082706213
        },
        "rotation": {
            "x": 0.0,
            "y": -0.0,
            "z": 0.0
        },
        "scale": {
            "x": 0.025000005960464478,
            "y": -0.07734344154596329,
            "z": 0.1380435973405838
        },
        "mesh_type": "MESH"
    }
]